[
  {
    "id": "16055",
    "place_name": "Ayam Bakar 97",
    "location": "Jl. Tenggilis Mejoyo 12",
    "fnb_menu": "Ayam bakar utuh",
    "phone": "087908987890",
    "review": "Harganya terjangkau",
    "photo_url": "https://img.qraved.co/v2/image/data/2015/11/05/ayam_bakar-740x493-x.jpg"
  },
  {
    "id": "16796",
    "place_name": "Boss Pizza",
    "location": "Jl. Mejoyo 1",
    "fnb_menu": "Original mix BBQ",
    "phone": "089098987657",
    "review": "Pas di lidah",
    "photo_url": "https://thelionsroarmhsn.com/wp-content/uploads/2015/04/Pepperoni_1.jpg"
  },
  {
    "id": "18747",
    "place_name": "Hot Dog Sumo",
    "location": "Jl. Mejoyo 2",
    "fnb_menu": "Hot dog jumbo",
    "phone": "083249123654",
    "review": "Harganya cukup mahal",
    "photo_url": "https://www.newsnowwarsaw.com/wp-content/uploads/2018/07/hot-dogs-2.jpg"
  },
  {
    "id": "10675",
    "place_name": "Molla Crepes",
    "location": "Jl. Kaliwaru 1",
    "fnb_menu": "Crepes cokelat",
    "phone": "087632815493",
    "review": "harganya cukup murah",
    "photo_url": "https://images7.alphacoders.com/654/thumb-1920-654276.jpg"
  },
  {
    "id": "17579",
    "place_name": "Pie Country",
    "location": "Jl. Rungkut Lor",
    "fnb_menu": "Banana cream pie",
    "phone": "088801357924",
    "review": "Tempat duduknya kurang nyaman",
    "photo_url": "https://wildwheatbakery.com/wp-content/uploads/2019/05/Cherry-Pie_-20.00-e1558779074577.jpg"
  },
  {
    "id": "17563",
    "place_name": "Burger Rider",
    "location": "Jl. Rungkut Mejoyo Selatan 10",
    "fnb_menu": "Big cheese burger",
    "phone": "085230917246",
    "review": "Harganya sedikit lebih mahal",
    "photo_url": "https://www.tripbuildermedia.com/new-2017/wp-content/uploads/2014/06/img-large-burger-870x764.jpg"
  },
  {
    "id": "19065",
    "place_name": "Cokelat Monster",
    "location": "Jl. Rungkut Mejoyo Selatan 12",
    "fnb_menu": "Strawberry cokelat fondue",
    "phone": "088321850612",
    "review": "Layanannya agak lambat",
    "photo_url": "https://i.pinimg.com/736x/30/f9/04/30f9049295aad32df9bc6f5eb32bcd6e.jpg"
  },
  {
    "id": "14276",
    "place_name": "Coffee Pait",
    "location": "Jl. Rungkut Mejoyo Utara 5",
    "fnb_menu": "Kopi susu hot",
    "phone": "089965832701",
    "review": "Harganya cukup mahal",
    "photo_url": "https://asset-a.grid.id/crop/0x0:0x0/700x0/photo/2018/07/25/1096998349.jpg"
  },
  {
    "id": "10978",
    "place_name": "Churos Nona",
    "location": "Jl. Rungkut Mejoyo Utara 7",
    "fnb_menu": "Churos original",
    "phone": "082467513259",
    "review": "Porsinya cukup besar",
    "photo_url": "https://i.pinimg.com/originals/ef/89/f3/ef89f3889bf331da2143a80bba56ad4c.jpg"
  },
  {
    "id": "14367",
    "place_name": "Warung Jaya Tiga",
    "location": "Jl. Rungkut Mejoyo Selatan 8",
    "fnb_menu": "Spaghetti carbonara",
    "phone": "085961487035",
    "review": "Warungnya agak kurang bersih",
    "photo_url": "https://i.pinimg.com/originals/3f/8a/09/3f8a099c4d8017f9bc93ea478ec1888c.jpg"
  }
]