[
  {
    "id": "1",
    "place_id": "18747",
    "place_name": "Hot Dog Sumo",
    "user_id": "1",
    "username": "viqram",
    "date_time": "Yesterday, 08.45 AM",
    "status_history": "Success",
    "photo_url": "https://www.newsnowwarsaw.com/wp-content/uploads/2018/07/hot-dogs-2.jpg"
  },
  {
    "id": "2",
    "place_id": "17563",
    "place_name": "Burger Rider",
    "user_id": "2",
    "username": "wataf",
    "date_time": "Today, 18.45 PM",
    "status_history": "Success",
    "photo_url": "https://www.tripbuildermedia.com/new-2017/wp-content/uploads/2014/06/img-large-burger-870x764.jpg"
  }
]